{"kind":"identitytoolkit#DownloadAccountResponse","users":[{"localId":"qaHHYYII46lF5RSmyHsxi3IzZ9a7","lastLoginAt":"1682229872310","emailVerified":false,"email":"demo@gmail.com","salt":"fakeSalt1zsfWswgGu5NQnU9Hdh7","passwordHash":"fakeHash:salt=fakeSalt1zsfWswgGu5NQnU9Hdh7:password=testing","passwordUpdatedAt":1682229872310,"validSince":"1682229872","createdAt":"1682229872310","providerUserInfo":[{"providerId":"password","email":"demo@gmail.com","federatedId":"demo@gmail.com","rawId":"demo@gmail.com"}],"lastRefreshAt":"2023-04-23T06:04:32.315Z"}]}